"filename", "language", "Java", "MS SQL", "Java Properties", "Markdown", "XML", "HTML", "Batch", "JavaScript", "JSON", "SCSS", "PostCSS", "comment", "blank", "total"
"/Users/lanzhiqiang/code/java_code/myBlog/.mvn/wrapper/maven-wrapper.properties", "Java Properties", 0, 0, 3, 0, 0, 0, 0, 0, 0, 0, 0, 0, 1, 4
"/Users/lanzhiqiang/code/java_code/myBlog/README.md", "Markdown", 0, 0, 0, 70, 0, 0, 0, 0, 0, 0, 0, 0, 19, 89
"/Users/lanzhiqiang/code/java_code/myBlog/frontend/README.md", "Markdown", 0, 0, 0, 3, 0, 0, 0, 0, 0, 0, 0, 0, 3, 6
"/Users/lanzhiqiang/code/java_code/myBlog/frontend/index.html", "HTML", 0, 0, 0, 0, 0, 13, 0, 0, 0, 0, 0, 0, 1, 14
"/Users/lanzhiqiang/code/java_code/myBlog/frontend/package-lock.json", "JSON", 0, 0, 0, 0, 0, 0, 0, 0, 2457, 0, 0, 0, 1, 2458
"/Users/lanzhiqiang/code/java_code/myBlog/frontend/package.json", "JSON", 0, 0, 0, 0, 0, 0, 0, 0, 26, 0, 0, 0, 1, 27
"/Users/lanzhiqiang/code/java_code/myBlog/frontend/public/vite.svg", "XML", 0, 0, 0, 0, 1, 0, 0, 0, 0, 0, 0, 0, 0, 1
"/Users/lanzhiqiang/code/java_code/myBlog/frontend/src/api/admin.js", "JavaScript", 0, 0, 0, 0, 0, 0, 0, 41, 0, 0, 0, 6, 7, 54
"/Users/lanzhiqiang/code/java_code/myBlog/frontend/src/api/auth.js", "JavaScript", 0, 0, 0, 0, 0, 0, 0, 16, 0, 0, 0, 5, 6, 27
"/Users/lanzhiqiang/code/java_code/myBlog/frontend/src/api/category.js", "JavaScript", 0, 0, 0, 0, 0, 0, 0, 33, 0, 0, 0, 15, 6, 54
"/Users/lanzhiqiang/code/java_code/myBlog/frontend/src/api/comment.js", "JavaScript", 0, 0, 0, 0, 0, 0, 0, 13, 0, 0, 0, 4, 5, 22
"/Users/lanzhiqiang/code/java_code/myBlog/frontend/src/api/interaction.js", "JavaScript", 0, 0, 0, 0, 0, 0, 0, 19, 0, 0, 0, 9, 4, 32
"/Users/lanzhiqiang/code/java_code/myBlog/frontend/src/api/markdown.js", "JavaScript", 0, 0, 0, 0, 0, 0, 0, 7, 0, 0, 0, 2, 3, 12
"/Users/lanzhiqiang/code/java_code/myBlog/frontend/src/api/post.js", "JavaScript", 0, 0, 0, 0, 0, 0, 0, 22, 0, 0, 0, 7, 8, 37
"/Users/lanzhiqiang/code/java_code/myBlog/frontend/src/api/upload.js", "JavaScript", 0, 0, 0, 0, 0, 0, 0, 29, 0, 0, 0, 9, 7, 45
"/Users/lanzhiqiang/code/java_code/myBlog/frontend/src/main.js", "JavaScript", 0, 0, 0, 0, 0, 0, 0, 17, 0, 0, 0, 1, 6, 24
"/Users/lanzhiqiang/code/java_code/myBlog/frontend/src/router/index.js", "JavaScript", 0, 0, 0, 0, 0, 0, 0, 117, 0, 0, 0, 10, 13, 140
"/Users/lanzhiqiang/code/java_code/myBlog/frontend/src/store/user.js", "JavaScript", 0, 0, 0, 0, 0, 0, 0, 71, 0, 0, 0, 11, 10, 92
"/Users/lanzhiqiang/code/java_code/myBlog/frontend/src/style.css", "PostCSS", 0, 0, 0, 0, 0, 0, 0, 0, 0, 0, 70, 0, 10, 80
"/Users/lanzhiqiang/code/java_code/myBlog/frontend/src/styles/global.scss", "SCSS", 0, 0, 0, 0, 0, 0, 0, 0, 0, 115, 0, 4, 25, 144
"/Users/lanzhiqiang/code/java_code/myBlog/frontend/src/utils/common.js", "JavaScript", 0, 0, 0, 0, 0, 0, 0, 15, 0, 0, 0, 16, 4, 35
"/Users/lanzhiqiang/code/java_code/myBlog/frontend/src/utils/request.js", "JavaScript", 0, 0, 0, 0, 0, 0, 0, 65, 0, 0, 0, 7, 11, 83
"/Users/lanzhiqiang/code/java_code/myBlog/frontend/vite.config.js", "JavaScript", 0, 0, 0, 0, 0, 0, 0, 20, 0, 0, 0, 1, 2, 23
"/Users/lanzhiqiang/code/java_code/myBlog/mvnw.cmd", "Batch", 0, 0, 0, 0, 0, 0, 139, 0, 0, 0, 0, 26, 25, 190
"/Users/lanzhiqiang/code/java_code/myBlog/pom.xml", "XML", 0, 0, 0, 0, 142, 0, 0, 0, 0, 0, 0, 17, 16, 175
"/Users/lanzhiqiang/code/java_code/myBlog/src/main/java/com/lzq/myblog/MyBlogApplication.java", "Java", 9, 0, 0, 0, 0, 0, 0, 0, 0, 0, 0, 0, 4, 13
"/Users/lanzhiqiang/code/java_code/myBlog/src/main/java/com/lzq/myblog/common/Result.java", "Java", 38, 0, 0, 0, 0, 0, 0, 0, 0, 0, 0, 27, 14, 79
"/Users/lanzhiqiang/code/java_code/myBlog/src/main/java/com/lzq/myblog/config/Knife4jConfig.java", "Java", 43, 0, 0, 0, 0, 0, 0, 0, 0, 0, 0, 4, 4, 51
"/Users/lanzhiqiang/code/java_code/myBlog/src/main/java/com/lzq/myblog/config/MyBatisPlusConfig.java", "Java", 15, 0, 0, 0, 0, 0, 0, 0, 0, 0, 0, 6, 4, 25
"/Users/lanzhiqiang/code/java_code/myBlog/src/main/java/com/lzq/myblog/config/MyMetaObjectHandler.java", "Java", 17, 0, 0, 0, 0, 0, 0, 0, 0, 0, 0, 4, 6, 27
"/Users/lanzhiqiang/code/java_code/myBlog/src/main/java/com/lzq/myblog/config/RedisConfig.java", "Java", 74, 0, 0, 0, 0, 0, 0, 0, 0, 0, 0, 26, 20, 120
"/Users/lanzhiqiang/code/java_code/myBlog/src/main/java/com/lzq/myblog/config/SecurityConfig.java", "Java", 87, 0, 0, 0, 0, 0, 0, 0, 0, 0, 0, 21, 15, 123
"/Users/lanzhiqiang/code/java_code/myBlog/src/main/java/com/lzq/myblog/config/WebConfig.java", "Java", 17, 0, 0, 0, 0, 0, 0, 0, 0, 0, 0, 2, 6, 25
"/Users/lanzhiqiang/code/java_code/myBlog/src/main/java/com/lzq/myblog/controller/AdminController.java", "Java", 95, 0, 0, 0, 0, 0, 0, 0, 0, 0, 0, 25, 17, 137
"/Users/lanzhiqiang/code/java_code/myBlog/src/main/java/com/lzq/myblog/controller/AuthController.java", "Java", 94, 0, 0, 0, 0, 0, 0, 0, 0, 0, 0, 22, 23, 139
"/Users/lanzhiqiang/code/java_code/myBlog/src/main/java/com/lzq/myblog/controller/CategoryController.java", "Java", 45, 0, 0, 0, 0, 0, 0, 0, 0, 0, 0, 9, 7, 61
"/Users/lanzhiqiang/code/java_code/myBlog/src/main/java/com/lzq/myblog/controller/CommentController.java", "Java", 60, 0, 0, 0, 0, 0, 0, 0, 0, 0, 0, 15, 12, 87
"/Users/lanzhiqiang/code/java_code/myBlog/src/main/java/com/lzq/myblog/controller/InteractionController.java", "Java", 59, 0, 0, 0, 0, 0, 0, 0, 0, 0, 0, 3, 12, 74
"/Users/lanzhiqiang/code/java_code/myBlog/src/main/java/com/lzq/myblog/controller/MarkdownController.java", "Java", 29, 0, 0, 0, 0, 0, 0, 0, 0, 0, 0, 10, 6, 45
"/Users/lanzhiqiang/code/java_code/myBlog/src/main/java/com/lzq/myblog/controller/PostController.java", "Java", 84, 0, 0, 0, 0, 0, 0, 0, 0, 0, 0, 26, 14, 124
"/Users/lanzhiqiang/code/java_code/myBlog/src/main/java/com/lzq/myblog/controller/UploadController.java", "Java", 43, 0, 0, 0, 0, 0, 0, 0, 0, 0, 0, 0, 8, 51
"/Users/lanzhiqiang/code/java_code/myBlog/src/main/java/com/lzq/myblog/dto/CommentCreateDTO.java", "Java", 13, 0, 0, 0, 0, 0, 0, 0, 0, 0, 0, 5, 7, 25
"/Users/lanzhiqiang/code/java_code/myBlog/src/main/java/com/lzq/myblog/dto/MarkdownRenderDTO.java", "Java", 9, 0, 0, 0, 0, 0, 0, 0, 0, 0, 0, 9, 5, 23
"/Users/lanzhiqiang/code/java_code/myBlog/src/main/java/com/lzq/myblog/dto/PostCreateDTO.java", "Java", 15, 0, 0, 0, 0, 0, 0, 0, 0, 0, 0, 7, 9, 31
"/Users/lanzhiqiang/code/java_code/myBlog/src/main/java/com/lzq/myblog/dto/PostDetailDTO.java", "Java", 36, 0, 0, 0, 0, 0, 0, 0, 0, 0, 0, 20, 18, 74
"/Users/lanzhiqiang/code/java_code/myBlog/src/main/java/com/lzq/myblog/dto/PostUpdateDTO.java", "Java", 14, 0, 0, 0, 0, 0, 0, 0, 0, 0, 0, 9, 10, 33
"/Users/lanzhiqiang/code/java_code/myBlog/src/main/java/com/lzq/myblog/dto/UserLoginDTO.java", "Java", 10, 0, 0, 0, 0, 0, 0, 0, 0, 0, 0, 3, 5, 18
"/Users/lanzhiqiang/code/java_code/myBlog/src/main/java/com/lzq/myblog/dto/UserRegisterDTO.java", "Java", 15, 0, 0, 0, 0, 0, 0, 0, 0, 0, 0, 3, 6, 24
"/Users/lanzhiqiang/code/java_code/myBlog/src/main/java/com/lzq/myblog/dto/UserUpdateDTO.java", "Java", 9, 0, 0, 0, 0, 0, 0, 0, 0, 0, 0, 7, 7, 23
"/Users/lanzhiqiang/code/java_code/myBlog/src/main/java/com/lzq/myblog/entity/BlogPost.java", "Java", 22, 0, 0, 0, 0, 0, 0, 0, 0, 0, 0, 11, 15, 48
"/Users/lanzhiqiang/code/java_code/myBlog/src/main/java/com/lzq/myblog/entity/Category.java", "Java", 21, 0, 0, 0, 0, 0, 0, 0, 0, 0, 0, 3, 6, 30
"/Users/lanzhiqiang/code/java_code/myBlog/src/main/java/com/lzq/myblog/entity/Comment.java", "Java", 20, 0, 0, 0, 0, 0, 0, 0, 0, 0, 0, 9, 13, 42
"/Users/lanzhiqiang/code/java_code/myBlog/src/main/java/com/lzq/myblog/entity/PostLike.java", "Java", 14, 0, 0, 0, 0, 0, 0, 0, 0, 0, 0, 9, 8, 31
"/Users/lanzhiqiang/code/java_code/myBlog/src/main/java/com/lzq/myblog/entity/User.java", "Java", 21, 0, 0, 0, 0, 0, 0, 0, 0, 0, 0, 11, 14, 46
"/Users/lanzhiqiang/code/java_code/myBlog/src/main/java/com/lzq/myblog/exception/BusinessException.java", "Java", 18, 0, 0, 0, 0, 0, 0, 0, 0, 0, 0, 3, 7, 28
"/Users/lanzhiqiang/code/java_code/myBlog/src/main/java/com/lzq/myblog/exception/GlobalExceptionHandler.java", "Java", 45, 0, 0, 0, 0, 0, 0, 0, 0, 0, 0, 15, 10, 70
"/Users/lanzhiqiang/code/java_code/myBlog/src/main/java/com/lzq/myblog/filter/JwtAuthenticationFilter.java", "Java", 49, 0, 0, 0, 0, 0, 0, 0, 0, 0, 0, 12, 14, 75
"/Users/lanzhiqiang/code/java_code/myBlog/src/main/java/com/lzq/myblog/mapper/BlogPostMapper.java", "Java", 19, 0, 0, 0, 0, 0, 0, 0, 0, 0, 0, 15, 8, 42
"/Users/lanzhiqiang/code/java_code/myBlog/src/main/java/com/lzq/myblog/mapper/CommentMapper.java", "Java", 35, 0, 0, 0, 0, 0, 0, 0, 0, 0, 0, 18, 9, 62
"/Users/lanzhiqiang/code/java_code/myBlog/src/main/java/com/lzq/myblog/mapper/PostLikeMapper.java", "Java", 13, 0, 0, 0, 0, 0, 0, 0, 0, 0, 0, 6, 5, 24
"/Users/lanzhiqiang/code/java_code/myBlog/src/main/java/com/lzq/myblog/mapper/UserMapper.java", "Java", 18, 0, 0, 0, 0, 0, 0, 0, 0, 0, 0, 15, 8, 41
"/Users/lanzhiqiang/code/java_code/myBlog/src/main/java/com/lzq/myblog/service/BlogPostService.java", "Java", 17, 0, 0, 0, 0, 0, 0, 0, 0, 0, 0, 52, 12, 81
"/Users/lanzhiqiang/code/java_code/myBlog/src/main/java/com/lzq/myblog/service/CacheService.java", "Java", 16, 0, 0, 0, 0, 0, 0, 0, 0, 0, 0, 36, 14, 66
"/Users/lanzhiqiang/code/java_code/myBlog/src/main/java/com/lzq/myblog/service/CommentService.java", "Java", 16, 0, 0, 0, 0, 0, 0, 0, 0, 0, 0, 47, 12, 75
"/Users/lanzhiqiang/code/java_code/myBlog/src/main/java/com/lzq/myblog/service/FileService.java", "Java", 8, 0, 0, 0, 0, 0, 0, 0, 0, 0, 0, 22, 7, 37
"/Users/lanzhiqiang/code/java_code/myBlog/src/main/java/com/lzq/myblog/service/InteractionService.java", "Java", 7, 0, 0, 0, 0, 0, 0, 0, 0, 0, 0, 12, 6, 25
"/Users/lanzhiqiang/code/java_code/myBlog/src/main/java/com/lzq/myblog/service/MarkdownService.java", "Java", 87, 0, 0, 0, 0, 0, 0, 0, 0, 0, 0, 35, 14, 136
"/Users/lanzhiqiang/code/java_code/myBlog/src/main/java/com/lzq/myblog/service/UserService.java", "Java", 16, 0, 0, 0, 0, 0, 0, 0, 0, 0, 0, 47, 12, 75
"/Users/lanzhiqiang/code/java_code/myBlog/src/main/java/com/lzq/myblog/service/impl/BlogPostServiceImpl.java", "Java", 137, 0, 0, 0, 0, 0, 0, 0, 0, 0, 0, 6, 19, 162
"/Users/lanzhiqiang/code/java_code/myBlog/src/main/java/com/lzq/myblog/service/impl/CacheServiceImpl.java", "Java", 117, 0, 0, 0, 0, 0, 0, 0, 0, 0, 0, 4, 17, 138
"/Users/lanzhiqiang/code/java_code/myBlog/src/main/java/com/lzq/myblog/service/impl/CommentServiceImpl.java", "Java", 65, 0, 0, 0, 0, 0, 0, 0, 0, 0, 0, 4, 16, 85
"/Users/lanzhiqiang/code/java_code/myBlog/src/main/java/com/lzq/myblog/service/impl/FileServiceImpl.java", "Java", 190, 0, 0, 0, 0, 0, 0, 0, 0, 0, 0, 30, 47, 267
"/Users/lanzhiqiang/code/java_code/myBlog/src/main/java/com/lzq/myblog/service/impl/InteractionServiceImpl.java", "Java", 36, 0, 0, 0, 0, 0, 0, 0, 0, 0, 0, 0, 8, 44
"/Users/lanzhiqiang/code/java_code/myBlog/src/main/java/com/lzq/myblog/service/impl/UserServiceImpl.java", "Java", 108, 0, 0, 0, 0, 0, 0, 0, 0, 0, 0, 11, 27, 146
"/Users/lanzhiqiang/code/java_code/myBlog/src/main/java/com/lzq/myblog/utils/JwtUtils.java", "Java", 79, 0, 0, 0, 0, 0, 0, 0, 0, 0, 0, 40, 16, 135
"/Users/lanzhiqiang/code/java_code/myBlog/src/main/java/com/lzq/myblog/vo/CommentVO.java", "Java", 17, 0, 0, 0, 0, 0, 0, 0, 0, 0, 0, 16, 14, 47
"/Users/lanzhiqiang/code/java_code/myBlog/src/main/resources/application.properties", "Java Properties", 0, 0, 43, 0, 0, 0, 0, 0, 0, 0, 0, 12, 12, 67
"/Users/lanzhiqiang/code/java_code/myBlog/src/main/resources/sql/init.sql", "MS SQL", 0, 77, 0, 0, 0, 0, 0, 0, 0, 0, 0, 27, 9, 113
"/Users/lanzhiqiang/code/java_code/myBlog/src/test/java/com/lzq/myblog/MyBlogApplicationTests.java", "Java", 9, 0, 0, 0, 0, 0, 0, 0, 0, 0, 0, 0, 5, 14
"/Users/lanzhiqiang/code/java_code/myBlog/项目开发进度文档.md", "Markdown", 0, 0, 0, 223, 0, 0, 0, 0, 0, 0, 0, 0, 51, 274
"Total", "-", 2150, 77, 46, 296, 143, 13, 139, 485, 2483, 115, 70, 941, 868, 7826